{"steps":[{"title":"Node.jsで簡易Webサーバーを立ち上げたい","file":"","code":"","desc":"*HTML*と*CSS*と*JS*だけで作った**静的なWebサイト**\nちゃんと動くか確認したい時\n\n","lang":""},{"title":"Node.jsで簡易Webサーバーを立ち上げたい","file":"","code":"","desc":"ブラウザにHTMLファイルをドラッグすれば\n**なんとなく表示**される\n\nが、しかし","lang":""},{"title":"Node.jsで簡易Webサーバーを立ち上げたい","file":"","code":"","desc":"実際に**サーバーにアップロードしたらうまく動かなかった**とか\n\nそういうことが**稀によくある**\nできればちゃんとサーバーで動かしたい","lang":""},{"title":"Node.jsで簡易Webサーバーを立ち上げたい","file":"","code":"","desc":"でもなぁ\n実際にサーバー用意してアップロードするのもめんどくさいし\n\nWebサーバーでも動くかどうか\n**ちょっと確認したいだけ**なんだよなぁ","lang":""},{"title":"Node.jsで簡易Webサーバーを立ち上げたい","file":"","code":"","desc":"**Question**\nっていう時に使える何かいいのない？","lang":""},{"title":"Node.jsで簡易Webサーバーを立ち上げたい","file":"","code":"","desc":"*Answer*\n**Node.jsのhttp-server**というのがええらしいで\n\nよし、使ったろ\n","lang":"bash"},{"title":"動作環境について","file":"","code":"","desc":"| 対象 | version |\n| :-- | :-- |\n| PC | Mac Book Pro |\n| Node.js | v10.10.0 |\n| yarn | 1.9.4 |","lang":"bash"},{"title":"http-serverのインストール(terminal)","file":"terminal","code":"yarn global add http-server","desc":"`yarn global add`でグローバルにインストールしてみる。\n\n>ちなみに`npm`でインストールするなら\n`npm install -g http-server`ね","lang":"bash"},{"title":"http-serverのインストール(terminal)","file":"terminal","code":"yarn global add http-server\nyarn global v1.9.4\n[1/4] 🔍  Resolving packages...\n[2/4] 🚚  Fetching packages...\n[--------------------------] 0/26(node:58786) [DEP0005] DeprecationWarning: Buffer() is deprecated due to security and usability issues. Please use the Buffer.alloc(), Buffer.allocUnsafe(), or Buffer.from() methods instead.\n[3/4] 🔗  Linking dependencies...\n[4/4] 📃  Building fresh packages...\n\nsuccess Installed \"http-server@0.11.1\" with binaries:\n      - http-server\n      - hs\n✨  Done in 0.63s.","desc":"こんな感じになったらインストール成功\n\n> *http-serverをインストールする場所について*\n>あまりグローバルに入れるのは好きではないけども\n> これは簡易チェックで使うことが多そうなので\n> グローバルに入れていつでもどこでも使えるって状態にした方が便利かなという気がしている。","lang":"bash"},{"title":"http-serverを使う(terminal)","file":"terminal","code":"http-server","desc":"適当なフォルダで`http-server`を実行する","lang":"bash"},{"title":"http-serverを使う(terminal)","file":"terminal","code":"http-server\nStarting up http-server, serving ./\nAvailable on:\n  http://127.0.0.1:8080\n  http://192.168.1.15:8080\nHit CTRL-C to stop the server","desc":"サーバーが立ち上がり\nterminalに表示されたURLにアクセスするともう見れる。\n\nめっちゃええ","lang":"bash"},{"title":"http-serverを使う(terminal)","file":"","code":"Fin","desc":"Fin","lang":"bash"}]}