{"steps":[{"title":"[Mac]ポート番号からそのポートが使われているか調べる","file":"terminal","code":"lsof -i :9000","desc":"lsof -i :`ポート番号`","lang":"bash"},{"title":"[Mac]ポート番号からそのポートが使われているか調べる","file":"terminal","code":"lsof -i :9000\nCOMMAND   PID  USER   FD   TYPE             DEVICE SIZE/OFF NODE NAME\nnode    74174 puyan   23u  IPv6 0x4ce643ba70309583      0t0  TCP *:search-agent (LISTEN)","desc":"指定したポートが使われていると誰が使っているのかが表示される","lang":"bash"},{"title":"[Mac]ポート番号からそのポートが使われているか調べる","file":"terminal","code":"kill 74174","desc":"なんかプロセス残っちゃってポートが占領されてるって時は\n`kill プロセスID`でプロセスを殺せばポートが解放される。","lang":"bash"}]}