{"steps":[{"title":"Parcelでビルドしたファイルの中身を解析する","file":"","code":"","desc":"`parcel-plugin-bundle-visualiser`という便利なものがあるそうな\n\n[公式のgithub](https://github.com/gregtillbrook/parcel-plugin-bundle-visualiser)","lang":""},{"title":"Parcelでビルドしたファイルの中身を解析する","file":"terminal","code":"yarn add parcel-plugin-bundle-visualiser","desc":"インストールするそうな","lang":"bash"},{"title":"Parcelでビルドしたファイルの中身を解析する","file":"","code":"","desc":"それだけで次回、Parcelで**プロダクションビルド**した時に\nビルドしてできたフォルダの中に`report.html`が作られるそうな\n\n> The next time you run your parcel build in production mode (i.e. when NODE_ENV is 'production') a bundle report will be saved to <output directory>/report.html","lang":"bash"},{"title":"Parcelでビルドしたファイルの中身を解析する","file":"","code":"","desc":"あとは`report.html`をブラウザで開くだけ。","lang":"bash"}]}